{"cameraMode":{"drawMode":0,"name":"Shaded","section":"Shading Mode"},"sceneLighting":true,"audioPlay":false,"sceneViewState":{"m_AlwaysRefresh":false,"showFog":true,"showSkybox":true,"showFlares":true,"showImageEffects":true,"showParticleSystems":true,"showVisualEffectGraphs":true,"m_FxEnabled":true},"in2DMode":false,"pivot":{"x":-1.6110706329345704,"y":-1.865461826324463,"z":0.8816967010498047},"rotation":{"x":-0.3033812344074249,"y":-0.07792908698320389,"z":0.024903802201151849,"w":-0.9493530988693237},"size":9.843546867370606,"orthographic":false}