{"cameraMode":{"drawMode":0,"name":"Shaded","section":"Shading Mode"},"sceneLighting":true,"audioPlay":false,"sceneViewState":{"m_AlwaysRefresh":false,"showFog":true,"showSkybox":true,"showFlares":true,"showImageEffects":true,"showParticleSystems":true,"showVisualEffectGraphs":true,"m_FxEnabled":true},"in2DMode":false,"pivot":{"x":-1.2774834632873536,"y":-1.2319366931915284,"z":0.6635820865631104},"rotation":{"x":-0.1961732655763626,"y":-0.7363054156303406,"z":0.24017706513404847,"w":-0.6014054417610169},"size":6.8584699630737309,"orthographic":false}