{"cameraMode":{"drawMode":0,"name":"Shaded","section":"Shading Mode"},"sceneLighting":true,"audioPlay":false,"sceneViewState":{"m_AlwaysRefresh":false,"showFog":true,"showSkybox":true,"showFlares":true,"showImageEffects":true,"showParticleSystems":true,"showVisualEffectGraphs":true,"m_FxEnabled":true},"in2DMode":false,"pivot":{"x":14.848272323608399,"y":-5.6752729415893559,"z":29.92891502380371},"rotation":{"x":0.14219526946544648,"y":0.2922288179397583,"z":-0.043985821306705478,"w":0.9446952939033508},"size":28.688772201538087,"orthographic":false}